match;home;draw;away;over25;under25
Coventry-Brighton;3.85;3.90;1.94;1.72;2.13
Manchester Utd.-Manchester City;3.15;3.85;2.27;1.57;2.41
Leeds-Newcastle;2.36;3.60;2.90;1.81;2.00
Brentford-Chelsea;2.75;3.80;2.26;1.53;2.45
Tottenham-Aston Villa;1.99;3.65;3.45;1.77;2.01
Newcastle-Hull City;1.50;4.40;5.75;1.60;2.29
Everton-Ipswich;1.79;3.75;4.20;1.80;1.97
Brighton-Arsenal;4.40;3.80;1.74;1.80;1.97
Nottingham-Coventry;1.74;3.80;4.35;1.78;2.00
Manchester City-Sunderland;1.27;5.50;10.00;1.56;2.36
Bournemouth-Liverpool;3.00;3.90;2.10;1.47;2.61
Leeds-Crystal Palace;2.00;3.55;3.50;1.88;1.88
Fulham-Manchester Utd.;3.30;3.80;1.99;1.58;2.32
Arsenal-Leeds;1.28;5.25;10.00;1.65;2.19
Ipswich-Fulham;2.80;3.50;2.38;1.81;1.95
Chelsea-Bournemouth;1.84;4.05;3.60;1.43;2.70
Aston Villa-Brentford;2.70;3.55;2.40;1.74;2.04
Sunderland-Brighton;2.85;3.40;2.37;1.93;1.84
Manchester Utd.-Tottenham;1.67;4.15;4.40;1.52;2.47
Crystal Palace-Nottingham;2.53;3.20;2.75;2.22;1.63
Hull City-Everton;3.75;3.25;2.02;2.31;1.59
Liverpool-Manchester City;2.90;3.70;2.21;1.61;2.27
Coventry-Newcastle;3.30;3.70;2.03;1.66;2.16
Celta Vigo-Malaga;1.78;3.75;4.90;2.09;1.74
Levante-Barcelona;12.00;7.50;1.22;1.27;3.75
Getafe-Deportivo La Coruna;2.59;3.00;3.15;2.95;1.39
Real Sociedad-Atl. Madrid;3.35;3.65;2.26;1.64;2.25
Villarreal-Betis;1.94;3.95;3.65;1.59;2.36
Rayo Vallecano-Espanyol;2.08;3.50;3.50;1.96;1.81
Alaves-Valencia;1.98;3.30;4.00;2.32;1.58
Elche-Real Madrid;7.25;5.25;1.37;1.37;2.95
Deportivo La Coruna-Sevilla;2.45;3.15;2.90;2.30;1.59
Atl. Madrid-Osasuna;1.51;4.30;5.75;1.69;2.12
Levante-Ath. Bilbao;3.10;3.45;2.21;1.91;1.85
Barcelona-R. Santander;1.08;10.50;20.00;1.15;5.00
Betis-Getafe;1.83;3.40;4.45;2.28;1.60
Malaga-Villarreal;3.45;3.80;1.96;1.62;2.23
Espanyol-Elche;1.89;3.45;4.05;2.11;1.70
Atl. Madrid-Real Madrid;;;;1.50;2.52
Valencia-Real Sociedad;2.22;3.45;3.05;1.93;1.84
Lecce-Monza;2.75;3.25;2.75;2.34;1.60
Napoli-Bologna;2.01;3.65;3.85;1.96;1.85
Sassuolo-Juventus;4.80;4.00;1.74;1.80;2.01
Torino-Roma;5.50;4.20;1.59;1.77;2.05
Como-Parma;1.26;5.75;12.50;1.66;2.23
Internazionale-Udinese;1.30;5.50;10.00;1.53;2.51
Monza-Sassuolo;2.70;3.40;2.45;1.92;1.84
Bologna-Torino;1.92;3.50;3.85;1.98;1.79
Udinese-Cagliari;2.08;3.25;3.60;2.30;1.59
Roma-Internazionale;2.52;3.55;2.61;1.75;2.03
Venezia-Lazio;3.25;3.50;2.13;1.89;1.87
Fiorentina-Napoli;3.10;3.40;2.22;2.00;1.77
Frosinone-Como;5.25;4.20;1.57;1.63;2.22
Parma-Genoa;2.90;3.05;2.53;2.52;1.50
Juventus-Atalanta;1.64;4.00;4.90;1.73;2.06
Milan-Lecce;1.35;4.75;8.50;1.77;2.00
RB Leipzig-Hamburg;1.39;5.75;7.25;1.30;3.50
Elversberg-Bayern Munchen;14.00;9.25;1.20;1.13;6.00
Bayern Munchen-Union Berlin;1.12;9.25;16.50;1.17;4.70
Bremen-Augsburg;2.31;3.75;2.70;1.53;2.43
Monchengladbach-Mainz;2.75;3.75;2.29;1.55;2.38
E. Frankfurt-Freiburg;2.29;3.80;2.75;1.53;2.45
Hamburg-1. FC Koln;2.53;3.65;2.53;1.63;2.23
VfB Stuttgart-Dortmund;2.26;4.00;2.70;1.38;2.95
Leverkusen-RB Leipzig;1.93;4.10;3.30;1.38;2.90
Schalke-Elversberg;2.04;3.70;3.25;1.65;2.19
Paderborn-Hoffenheim;4.25;4.30;1.67;1.41;2.80
Lille-Troyes;1.47;4.80;7.00;1.63;2.27
Le Mans-Lens;4.55;4.25;1.73;1.59;2.37
Brest-Paris SG;10.50;6.25;1.28;1.39;3.00
Monaco-Lens;2.30;3.75;2.75;1.56;2.37
Paris FC-Strasbourg;2.01;3.70;3.35;1.67;2.15
Le Mans-Lorient;2.75;3.45;2.41;1.86;1.91
Angers-Troyes;2.21;3.30;3.20;2.12;1.69
Toulouse-Le Havre;1.83;3.60;4.15;1.93;1.84
Lyon-Rennes;2.12;3.80;3.00;1.53;2.44
Auxerre-Brest;2.68;3.40;2.50;1.90;1.86
Nice-Lille;3.40;3.50;2.06;1.91;1.86
Marseille-Paris SG;5.00;4.60;1.53;1.39;2.90
Dorog-Ujpest;11.50;7.25;1.12;1.27;3.20
Karcag-Gyor;10.50;6.25;1.23;1.42;2.69
Dunaharaszti-ZTE;13.00;7.25;1.11;1.31;2.95
Gyula-Szentlorinc;2.24;3.40;2.69;1.60;2.11
Benfica-Gil Vicente;1.14;7.50;17.50;1.45;2.61
Arouca-Santa Clara;2.61;3.20;2.70;2.24;1.59
Famalicao-Sporting CP;6.00;4.20;1.51;1.75;1.99
Rio Ave-Estrela Amadora;2.70;3.40;2.49;1.90;1.82
Moreirense-Maritimo;2.46;3.20;2.90;2.25;1.59
Braga-Estoril;1.48;4.35;6.25;1.68;2.09
Gil Vicente-Maritimo;2.17;3.10;3.35;;
Nacional Madeira-Famalicao;3.10;3.15;2.27;;
Alverca-Rio Ave;2.06;3.25;3.50;;
Sporting CP-Arouca;1.25;5.75;9.50;;
Excelsior-Utrecht;2.08;3.80;3.10;1.54;2.35
Heerenveen-Telstar;1.58;4.60;4.70;1.35;3.00
Zwolle-Feyenoord;5.50;4.75;1.49;1.35;2.95
PSV-Sparta Rotterdam;1.17;7.75;12.00;1.16;4.60
Ajax-Willem II;1.17;7.25;12.00;1.20;3.85
Groningen-Zwolle;1.63;4.20;4.45;1.45;2.51
ADO Den Haag-Cambuur;1.78;4.00;3.75;1.46;2.50
Sparta Rotterdam-Heerenveen;2.95;3.80;2.12;1.48;2.44
Ajax-Excelsior;1.37;5.25;6.25;1.26;3.40
Willem II-F. Sittard;2.60;3.75;2.37;1.50;2.38
Feyenoord-Utrecht;1.32;5.25;7.50;1.32;3.05
Twente-PSV;2.85;4.10;2.08;1.28;3.30
AZ Alkmaar-Telstar;1.27;5.75;8.25;1.27;3.30
Nijmegen-Go Ahead Eagles;1.71;4.25;3.90;1.33;2.95
Sabah Masazir-Slavia Praha;3.30;3.75;2.02;1.63;2.22
Lens-Sporting CP;2.38;3.70;2.67;1.60;2.29
Arsenal-Lille;1.23;6.00;11.50;1.53;2.43
RB Leipzig-PSV;2.05;4.00;3.05;1.42;2.75
Galatasaray-Barcelona;7.00;5.50;1.33;1.26;3.70
Viking Stavanger-Bayern Munchen;19.00;10.00;1.09;1.17;4.80
Internazionale-FC Bruges;1.31;5.25;8.75;1.52;2.46
Atl. Madrid-Manchester Utd.;2.33;3.90;2.66;1.47;2.62
Villarreal-Napoli;2.34;3.60;2.75;1.74;2.04
Feyenoord-Como;3.25;3.90;1.99;1.52;2.46
LASK-Liverpool;9.75;6.00;1.25;1.38;2.90
Slovan Bratislava-VfB Stuttgart;7.25;5.25;1.36;1.40;2.85
Manchester City-Paris SG;2.15;4.00;2.85;1.39;2.85
Bodo/Glimt-Dortmund;3.15;4.00;2.00;1.42;2.75
Betis-Porto;2.17;3.70;3.00;1.67;2.16
Aston Villa-Fenerbahce;1.71;3.95;4.40;1.68;2.14
Sahtar Doneck-AEK Athen;2.52;3.50;2.61;1.79;1.98
Roma-Real Madrid;3.35;4.10;1.91;1.41;2.80
Ararat-Armenia-Sparta Praha;4.90;4.10;1.63;1.66;2.12
Omonia Nicosia-Celta Vigo;3.85;3.50;1.93;2.01;1.73
Sunderland-AZ Alkmaar;1.66;4.00;4.70;1.68;2.08
Sturm Graz-Rennes;3.45;3.75;1.97;1.65;2.14
Anderlecht-Lyon;3.30;3.75;2.02;1.63;2.16
Leverkusen-Celje;1.17;7.50;12.50;1.26;3.55
Hapoel Beer Sheva-Dinamo Zagrab;3.45;3.80;1.96;1.62;2.18
Olympiakosz-Jagiellonia Bialystok;1.38;4.80;7.50;1.61;2.20
Milan-Benfica;2.13;3.60;3.15;1.72;2.03
OFI-Hoffenheim;6.75;4.65;1.42;1.58;2.26
Levszki Szofia-Salzburg;2.75;3.70;2.34;1.61;2.20
Besiktas-Marseille;1.93;3.85;3.50;1.59;2.24
Plzen-RU Saint-Gilloise;2.55;3.55;2.58;1.77;1.96
Crystal Palace-Lech Poznan;1.41;4.70;7.00;1.61;2.20
Lillestrom-Torreense;1.52;4.40;5.50;1.59;2.25
Celtic-FTC;1.72;4.10;4.20;1.51;2.42
Real Sociedad-Bournemouth;2.69;3.55;2.43;1.74;2.00
Juventus-Nijmegen;1.25;5.75;10.00;1.46;2.57
Gent-Aarhus GF;1.63;3.95;5.00;1.80;1.92
CSZKA 1948 Szofia-Monaco;5.75;4.45;1.49;1.61;2.21
Mjallby-Inter Club d'Escaldes;1.24;5.75;11.00;1.57;2.29
Panathinaikosz-Borac Banja Luka;1.22;6.00;11.50;1.48;2.50
Riga FC-Kajrat Almati;1.92;3.50;3.85;1.98;1.75
Kuopio PS-Trabzonspor;4.85;3.95;1.65;1.74;2.00
CS Univ. Craiova-Getafe;3.25;3.30;2.19;2.14;1.64
Hajduk Split-Ajax;4.95;4.25;1.59;1.56;2.30
Egnatia Rrogozhine-Midtjylland;5.25;4.05;1.58;1.75;1.99
Lugano-Crvena zvezda;2.66;3.60;2.43;1.69;2.08
Freiburg-Jablonec;1.35;5.00;8.00;1.56;2.31
FC Kobenhavn-Braga;2.32;3.45;2.90;1.87;1.85
Atalanta-Pafosz;1.36;4.95;7.75;1.59;2.25
Twente-Thun;1.23;6.25;10.50;1.34;3.00
Hearts-Nordsjaelland;2.57;3.70;2.46;1.58;2.27
St. Truiden-Iberia 1999;1.43;4.60;6.75;1.62;2.19
Brann Bergen-Lincoln Red Imps;1.18;7.00;13.00;1.36;2.90
Brighton-Zalgiris Kaunas;1.04;14.00;35.00;1.17;4.50
Torokorszag-Franciaorszag;5.25;4.45;1.54;1.48;2.51
Olaszorszag-Belgium;2.25;3.55;2.95;1.79;1.94
Torokorszag-Olaszorszag;2.90;3.45;2.32;1.90;1.82
Szerbia-Gorogorszag;2.60;3.25;2.68;2.05;1.70
Hollandia-Nemetorszag;2.31;3.75;2.75;1.55;2.33
Szerbia-Hollandia;4.30;3.75;1.77;1.82;1.90
Nemetorszag-Gorogorszag;1.25;5.75;10.50;1.52;2.40
Anglia-Spanyolorszag;2.68;3.45;2.50;1.88;1.84
Csehorszag-Horvatorszag;3.00;3.55;2.22;1.78;1.95
Spanyolorszag-Horvatorszag;1.35;4.80;8.50;1.72;2.03
Portugalia-Wales;1.26;5.50;10.50;1.56;2.31
Norvegia-Dania;1.98;3.65;3.50;1.77;1.96
Dania-Wales;1.70;3.65;4.95;2.06;1.70
Norvegia-Portugalia;2.75;3.70;2.30;1.60;2.21
Szlovenia-Skocia;2.66;3.20;2.66;2.23;1.60
Eszak-Macedonia-Svajc;6.25;4.30;1.48;1.74;2.00
Georgia-Eszak-Irorszag;1.95;3.50;3.75;1.99;1.75
Magyarorszag-Ukrajna;2.24;3.35;3.10;2.03;1.72
Georgia-Ukrajna;2.80;3.35;2.42;2.01;1.73
Eszak-Irorszag-Magyarorszag;2.59;3.10;2.75;2.37;1.53
Ausztria-Izrael;1.40;4.80;7.00;1.55;2.33
Koszovo-Irorszag;2.53;3.20;2.80;2.23;1.60
Ausztria-Koszovo;1.47;4.35;6.25;1.70;2.05
Izrael-Irorszag;2.90;3.40;2.35;1.97;1.77
Svedorszag-Romania;1.52;4.40;5.50;1.57;2.28
Lengyelorszag-Bosznia-Hercegovina;1.62;3.90;5.00;1.86;1.86
San Marino-Finnorszag;24.00;8.50;1.10;1.50;2.44
Albania-Feheroroszorszag;1.43;4.25;7.75;2.04;1.71
San Marino-Albania;24.00;10.50;1.08;1.37;2.85
Ormenyorszag-Lettorszag;1.76;3.70;4.40;1.87;1.85
Montenegro-Ciprus;1.51;4.05;6.50;1.98;1.75
Lettorszag-Ciprus;2.57;3.25;2.70;2.15;1.64
Ormenyorszag-Montenegro;2.65;3.25;2.64;2.14;1.65
Szlovakia-Moldova;1.31;5.00;9.75;1.75;1.99
Moldova-Feroer-szigetek;2.32;3.15;3.15;2.40;1.52
Szlovakia-Kazahsztan;1.31;4.85;10.50;1.93;1.80
Bulgaria-Luxemburg;1.87;3.40;4.25;2.24;1.59
Izland-Esztorszag;1.35;4.65;9.00;1.88;1.84
Bulgaria-Esztorszag;1.58;3.70;6.00;2.27;1.58
Andorra-Malta;3.00;2.90;2.49;2.80;1.37
Gibraltar-Andorra;2.75;2.85;2.75;2.90;1.35
Liechtenstein-Litvania;8.75;4.10;1.39;2.22;1.57
Litvania-Azerbajdzsan;2.66;3.05;2.68;2.40;1.49
